title,time,author,sent,label
675,上市了！草莓柑橘价格下降，冰糖草莓要不要来一串？,2020/3/9 20:19,上海杨浦,据摊主介绍，沃柑最贵的时候卖到18元一斤，但随着大批量上市，价格普遍下调了，现在12元就能买到。,1
858,2020年3月19日全国各地柑橘价格行情分享！,2020/3/19 17:27,柑露果服,2、四川东坡、彭山、蒲江、仁寿等地的春见价格行情略涨，鲜果货源减少，近期价格行情为4.5~5.5元/斤左右，精品果价格高于5元/斤。,1
862,2020年3月19日全国各地柑橘价格行情分享！,2020/3/19 17:27,柑露果服,随着柑橘货源减少，预计后期各柑橘品种的价格会稳中稍涨。,1
1036,2020年1月2日全国各地柑橘价格行情分享：少量沃柑已上市，价格行情不错！,2020/1/2 17:40,柑露果服,近日，随着砂糖橘大量上市，货源不断增多，导致终端市场销售缓慢，各地产区销售压力大，果农积极卖果。,0
1093,2020年1月16日全国各地柑橘价格行情分享：部分产地传来砂糖橘价格上涨的喜讯！,2020/1/16 17:38,柑露果服,临近春节，各地砂糖橘产区传来价格上涨的消息，砂糖橘进入销售黄金期，各地货源多，收购商增多，农户也积极卖果。,1
1095,2020年1月16日全国各地柑橘价格行情分享：部分产地传来砂糖橘价格上涨的喜讯！,2020/1/16 17:38,柑露果服,听群里的朋友分享一些产地的砂糖橘价格，价格确实上涨一点。,1
1199,今年柑橘价格如何？一张图告诉你！,2020/6/2 11:27,柑橘信息网,近几年随着柑橘果品价格的走高，亩产值10万元、100元/斤果的传奇的出现，引发各地开启疯狂发展模式，各领域资本进入，颇有全民种橘的味道，同时质疑、责问、警防过剩过滥的呼声不绝于耳。,1
1200,今年柑橘价格如何？一张图告诉你！,2020/6/2 11:27,柑橘信息网,2017年秋季南方多处柑橘主产区遭受了长时间降雨危害，南丰蜜橘、普通温州蜜橘烂在树上无人采收，亚洲最早熟蜜橘基地云南华宁县，均价从往年的4-5元/斤，跌到1元多，广西砂糖橘收购价从往年5元上下到1块多，惜售的只有倒掉，砂糖橘变“杀人橘”，很多业主逃离此行业。,0
1201,今年柑橘价格如何？一张图告诉你！,2020/6/2 11:27,柑橘信息网,2018年是柑橘大年，同样没有逃出丰产不丰收的命运，南方8-10月连续阴雨，早熟柑橘果子糖度低、着色差、不耐贮运，基本处于保本、微利状态。,0
1202,今年柑橘价格如何？一张图告诉你！,2020/6/2 11:27,柑橘信息网,而早来的霜冻危害更是雪上加霜，桂北、赣中、赣北、湘西、湘西北地区中晚熟品种在12月受冻严重，30%以上失去商品价值。,0
1203,今年柑橘价格如何？一张图告诉你！,2020/6/2 11:27,柑橘信息网,十年一轮回的低温灾害天气，,0
1250,2020年3月12日全国各地柑橘价格行情分享：部分柑橘价格上涨！,2020/3/12 21:47,柑橘之家技术产业联盟,具体价格行情如下图所示：随着天气回暖，预计后期各柑橘品种的价格会稳中稍涨，价格行情会慢慢变好。,1
1385,西班牙柑橘价格上涨,2020/3/24 16:45,果评家,目前，受新冠病毒疫情以及天气影响，西班牙柑橘供应压力变大，柑橘价格每公斤上涨20美分。,1
1387,西班牙柑橘价格上涨,2020/3/24 16:45,果评家,所有市场的需求都在增加，对葡萄柚、柠檬和橙子的需求特别高。,1
1397,西班牙柑橘价格上涨,2020/3/24 16:45,果评家,如果疫情和天气不能好转，西班牙柑橘以及其它水果价格可能会继续上涨。,1
1512,柑橘行情分享 | 多地产区货源增多，价格下滑了么？,2020/11/19 18:28,柑露果服,特早熟地区百色西林也有少量的柑橘上市，价格在3.3~3.6元/斤，价格不稳定，价格有所下滑。,0
1592,重磅：市场释放重要信号，今年柑橘价格或迎来上涨！,2020/6/9 11:27,柑橘信息网,北美：市场对橙子的需求达到高峰北美对橙子的需求正在急剧上升，这很可能与目前开始在欧洲大陆存在的特殊情况有关。,1
1673,2020年8月柑橘价格最新行情,2020/8/12 11:40,柑橘信息网,但在经历了近两年的低迷行情后，今年柑橘价格仍然不乐观。,0
1692,2020年8月柑橘价格最新行情,2020/8/12 11:40,柑橘信息网,伴随着产量下降，但蜜桔价格并没有上涨，反而出现了下降。,0
1696,2020年8月柑橘价格最新行情,2020/8/12 11:40,柑橘信息网,据中国农业科学院柑橘研究所专家介绍，未来3到4年间国内柑橘市场仍然以过剩为主，如果没有大的自然灾害发生，未来几年年柑橘整体价格将持续下降。,0
1797,​现在柑橘多少钱一斤？八大产区柑橘价格一览表！8月柑橘市场最新行情分析,2020/8/7 12:11,柑橘信息网,伴随着产量下降，但蜜桔价格并没有上涨，反而出现了下降。,0
1798,​现在柑橘多少钱一斤？八大产区柑橘价格一览表！8月柑橘市场最新行情分析,2020/8/7 12:11,柑橘信息网,导致这一行情的主要原因还是市场上柑橘存货较多，晚熟柑橘通过冷库保鲜销售时间大大延长了，由于其口感更好，对早熟蜜桔的销售造成了直接的影响。,0
1799,​现在柑橘多少钱一斤？八大产区柑橘价格一览表！8月柑橘市场最新行情分析,2020/8/7 12:11,柑橘信息网,另外，今年，整体水果市场的走低，也对早熟蜜桔的行情造成负面影响。,0
1801,​现在柑橘多少钱一斤？八大产区柑橘价格一览表！8月柑橘市场最新行情分析,2020/8/7 12:11,柑橘信息网,据中国农业科学院柑橘研究所专家介绍，未来3到4年间国内柑橘市场仍然以过剩为主，如果没有大的自然灾害发生，未来几年年柑橘整体价格将持续下降。,0
1925,南方柑橘价格的急速下跌，苹果价格有望迎来继续上涨,2020/10/18 20:50,西北果业信息,目前收假没多久，不少地区的柑橘就已经飞速下降，成交价比10月4日之前低了很多。,0
1926,南方柑橘价格的急速下跌，苹果价格有望迎来继续上涨,2020/10/18 20:50,西北果业信息,南丰蜜桔地头价低至1元/斤左右，而贡柑好果也只有2.5元/斤左右。,0
1927,南方柑橘价格的急速下跌，苹果价格有望迎来继续上涨,2020/10/18 20:50,西北果业信息,价格的急速下跌不免让人担忧，今年柑橘行情又是一个低价年。,0
1935,南方柑橘价格的急速下跌，苹果价格有望迎来继续上涨,2020/10/18 20:50,西北果业信息,春季多雨影响花芽分化，今年四川地区的春见花量整体偏低，同时广西，江西和福建等主产区因暴雨发生严重洪涝灾害，由于雨水偏多，导致了柑橘果实转色慢，也无法积累大量糖分，因此今年部分产区感觉口感、品质均次于往年。,0
1936,南方柑橘价格的急速下跌，苹果价格有望迎来继续上涨,2020/10/18 20:50,西北果业信息,数量暴增，行情低迷，口感差。,0
1937,南方柑橘价格的急速下跌，苹果价格有望迎来继续上涨,2020/10/18 20:50,西北果业信息,今年柑橘行情迷茫......南方水果价格低迷将对苹果市场形成重大利好。,0
1945,南方柑橘价格的急速下跌，苹果价格有望迎来继续上涨,2020/10/18 20:50,西北果业信息,而南方柑橘类当前行情低迷。,0
2114,2020年11月份柑橘价格分析,2020/11/11 00:00,柑橘联网,目前多个柑橘品种逐渐成熟上市，从目前的市场反馈看来，柑橘中的晚熟品种在节前，尤其是元旦和春节上市的，价格将会有一定涨幅，其他时间则可能因集中上市，价格偏低。,1
2115,2020年11月份柑橘价格分析,2020/11/11 00:00,柑橘联网,微信搜一搜：柑橘联网NO.1砂糖橘、杂柑2020年砂糖橘和杂柑产量有所增加，供大于求，且受疫情影响，目前价格有所下降，砂糖橘价格3~6元/kg，杂柑中的沃柑价格8~10元/kg。,0
2229,柑橘行情分享 l 砂糖橘、沃柑货源增多，价格波动大么？,2020/12/17 20:18,柑露果服,砂糖橘价格行情分享从西林砂糖橘官宣开市日11月20日算起，上市时间还不到一个月，西林的砂糖橘从开市价的4元/斤跌到现在的2元/斤左右，其他产地的砂糖橘跌到了1.9元/斤左右，桂林是最大的砂糖橘产区，查资料得知荔浦和永福的优质果还能维持在2.3~2.6元/斤的价格。,0
2239,柑橘行情分享 l 砂糖橘、沃柑货源增多，价格波动大么？,2020/12/17 20:18,柑露果服,皇帝柑价格行情分享皇帝柑上市尾期，广西部分产地与广东韶关地区的皇帝柑价格，相对上周各产地价格都略微下降，例如贺州的好果价格在1.4~1.5元/斤左右，桂林地区的好果价格在1.4~1.5元/斤左右，广东韶关皇帝柑价格平稳，一般果的价格为：1.6元/斤。,0
2351,减产和降质过后，今年的柑橘价格大涨吗？,2020/6/21 11:30,柑橘信息网,以砂糖橘为例，去年种植面积达到历史新高，加上与其他晚熟柑橘的上市时间重叠，所以导致去年砂糖桔市场行情的低迷。,0
2363,减产和降质过后，今年的柑橘价格大涨吗？,2020/6/21 11:30,柑橘信息网,在主产区产量、品质均下降和今年水果价格整体走高的双重影响下，柑橘价格企稳回升几成定局，特别是对于早熟柑橘而言，今年会卖一个好价钱。,1
2369,减产和降质过后，今年的柑橘价格大涨吗？,2020/6/21 11:30,柑橘信息网,柑橘自身品种较多，上市持续时间较长，会有激烈的内部竞争，很难形成柑橘价格整体走高的态势。,0
2442,广西柑橘销售遭遇“严冬”，全国柑橘价格行情！,2020/3/9 18:59,森象农业俱乐部,2019年12月10日，蓝勇家的砂糖橘提前10天成熟，刚开始的批发价达7.2元/公斤，可随着其他产区的果不断上市，虽然价格一路走低，但平均价格也有2.6-3元/公斤。,0
2447,广西柑橘销售遭遇“严冬”，全国柑橘价格行情！,2020/3/9 18:59,森象农业俱乐部,随着市场饱和，柑橘连续两年价跌，特别是2019末到2020春节的新冠肺炎疫情，加剧了销售困难，半数以上果品售价跌至成本线。,0
2791,今年放开摆地摊，柑橘价格会下降吗？果农受益吗？,2020/8/14 23:14,柑桔之家,整个价格低了一倍。,0
2800,今年放开摆地摊，柑橘价格会下降吗？果农受益吗？,2020/8/14 23:14,柑桔之家,因为摆地摊可以是附近的农民直接来摆地摊卖水果，成本降低是必然的。,0
2807,今年放开摆地摊，柑橘价格会下降吗？果农受益吗？,2020/8/14 23:14,柑桔之家,这20年来，我国的水果产量一直上升，水果的价格也一路飙升。,1
2880,减产、降质、大小年，今年的柑橘价格走势如何？,2020/7/11 07:00,柑橘产业联盟,理由如下：小年或导致价格上涨柑橘具有明显的大小年现象，特别是对于技术不太成熟的果农来说，一年丰产一年减产的大小年现象更是明显。,1
2882,减产、降质、大小年，今年的柑橘价格走势如何？,2020/7/11 07:00,柑橘产业联盟,以砂糖橘为例，去年种植面积达到历史新高，加上与其他晚熟柑橘的上市时间重叠，所以导致去年砂糖桔市场行情的低迷。,0
2894,减产、降质、大小年，今年的柑橘价格走势如何？,2020/7/11 07:00,柑橘产业联盟,在主产区产量、品质均下降和今年水果价格整体走高的双重影响下，柑橘价格企稳回升几成定局，特别是对于早熟柑橘而言，今年会卖一个好价钱。,1
2927,早上市的柑橘走货慢、价格低，后期柑橘“扎堆成熟”，今年行情走势如何？,2020/11/18 22:31,农财网柑桔通,但在今年，平均收购价已经降到0.4元/斤。,0
2930,早上市的柑橘走货慢、价格低，后期柑橘“扎堆成熟”，今年行情走势如何？,2020/11/18 22:31,农财网柑桔通,就市场行情来看，除了双节期间橘子收购价冲破了1元/斤外，柑橘主体价格一直处于下跌趋势。,0
2938,早上市的柑橘走货慢、价格低，后期柑橘“扎堆成熟”，今年行情走势如何？,2020/11/18 22:31,农财网柑桔通,上个月金秋砂糖橘刚上市那会，客商抢着收货，价格更是开到了5元/斤的地头价。,1
2939,早上市的柑橘走货慢、价格低，后期柑橘“扎堆成熟”，今年行情走势如何？,2020/11/18 22:31,农财网柑桔通,但好景不长，进入11月份之后，多地的金秋砂糖橘都上市了，价格也直线掉落。,0
2941,早上市的柑橘走货慢、价格低，后期柑橘“扎堆成熟”，今年行情走势如何？,2020/11/18 22:31,农财网柑桔通,但是今年柑橘行情总体不好，不管是早熟柑还是南丰蜜桔价格都比较低，开局不利的情况下也连累到了金秋砂糖橘。,0
2943,早上市的柑橘走货慢、价格低，后期柑橘“扎堆成熟”，今年行情走势如何？,2020/11/18 22:31,农财网柑桔通,柑橘市场行情不好，最主要的原因是供大于求的结果，目前全国都在发展柑橘种植，加上疫情的因素，行情相对去年普遍有所回落。,0
3020,柑橘行情分享 | 各品种价格维持稳定……,2020/11/26 17:31,柑露果服,四、爱媛38号爱媛38号主产地四川眉山、彭山两地上市的价格相差不大，但最近眉山地区的好果价格浮动较大，从之前的4元/斤降到现在的3.0~3.3元/斤，出现这种情况应该是眉山地区市面上开始大量上市导致，彭山地区价格也有下降的趋势，但目前较为稳定，好果卖3.2~4.0元/斤。,0
3155,砂糖橘、沃柑、春见、不知火，四大热门柑橘价格三月走势如何？,2020/3/22 22:39,老刘微农技,使得沃柑的价格也小幅度下跌，前来收购的果商积极性也一般。,0
3160,砂糖橘、沃柑、春见、不知火，四大热门柑橘价格三月走势如何？,2020/3/22 22:39,老刘微农技,不过今年了解沃柑市场的朋友们都知道，沃柑比起往年同期走势并不算好。,0
3161,砂糖橘、沃柑、春见、不知火，四大热门柑橘价格三月走势如何？,2020/3/22 22:39,老刘微农技,这几天耙耙柑的价格走势也并不是很好。,0
3165,砂糖橘、沃柑、春见、不知火，四大热门柑橘价格三月走势如何？,2020/3/22 22:39,老刘微农技,不过由于耙耙柑形势不太乐观，所以丑柑的身价或多或少也有一点小跌。,0
3170,砂糖橘、沃柑、春见、不知火，四大热门柑橘价格三月走势如何？,2020/3/22 22:39,老刘微农技,想砂糖橘的水果更是接到了几毛钱1斤。,0
3245,柑橘滞销、价格行情低迷，柑橘产业真的需要有新的突破……,2020/2/26 17:51,柑露果服,年前涨价采果贵，年后疫情村封路。,1
4120,2020年柑橘的价格走势会如何？看完心里有数了！,2020/8/12 19:26,万果会,农产品是刚需，鲜果消费却在下降!,0
4122,2020年柑橘的价格走势会如何？看完心里有数了！,2020/8/12 19:26,万果会,今年，更受疫情影响，各地水果销售困难增加，滞销苗头显现，近年来饱受柑橘市场波动影响的果农们不由发出这样的疑问——今年柑橘价格还可能上升，还有钱可赚吗？,0
4128,2020年柑橘的价格走势会如何？看完心里有数了！,2020/8/12 19:26,万果会,其实柑橘的价格还是决定于供求关系，很多分析行情，多的就是说：天气导致果差，不熟，成色不好，卖不动。,0
4129,2020年柑橘的价格走势会如何？看完心里有数了！,2020/8/12 19:26,万果会,这在表中其实是属于柑橘的质量问题，低品质，自然价格低。,0
4130,2020年柑橘的价格走势会如何？看完心里有数了！,2020/8/12 19:26,万果会,实际上，价格低的原因其实是数量多，数量一多，自然产生对比。,0
4132,2020年柑橘的价格走势会如何？看完心里有数了！,2020/8/12 19:26,万果会,近几年随着柑橘果品价格的走高，亩产值10万元、100元/斤果的传奇的出现，引发各地开启疯狂发展模式，各领域资本进入，颇有全民种橘的味道，同时质疑、责问、警防过剩过滥的呼声不绝于耳。,1
4134,2020年柑橘的价格走势会如何？看完心里有数了！,2020/8/12 19:26,万果会,2017年，秋季南方多处柑橘主产区遭受了长时间降雨危害，南丰蜜橘、普通温州蜜橘烂在树上无人采收，亚洲最早熟蜜橘基地云南华宁县，均价从往年的4-5元/斤，跌到1元多，广西砂糖橘收购价从往年5元上下到1块多，惜售的只有倒掉，砂糖橘变“杀人橘”，很多业主逃离此行业。,0
4144,2020年柑橘的价格走势会如何？看完心里有数了！,2020/8/12 19:26,万果会,由于物流问题，北欧市场上的橙子价格正在上涨。,1
4234,柑橘行情肯定会迎来低谷，但持续时间有限！熬过低价期，价格就会上升！,2020/3/28 18:20,柑露果服,总量上柑橘产能已经供过于求，未来5年，如果没有大灾害，柑橘整体价格会持续下降。,0
4367,柑橘行情分享 |  砂糖橘3~3.5元/斤，其他价格怎样？,2020/11/24 17:51,柑露果服,随着各地砂糖橘、贡柑、八月桔、脐橙等柑橘上市，各品种均有不同程度跌价。,0
4378,柑橘行情分享 |  砂糖橘3~3.5元/斤，其他价格怎样？,2020/11/24 17:51,柑露果服,七、清香橘广西桂林清香橘上市量增多，好果价格在2.0~2.3元/斤之间，价格方面还可以，相比前期，价格下降了一些。,0
4445,柑橘价格：砂糖橘批发市场略涨，产地均价1.8,2020/1/14 23:31,柑桔之家,批发市场：春节将至，快递停运，砂糖橘略有上涨。,1
4446,柑橘价格：砂糖橘批发市场略涨，产地均价1.8,2020/1/14 23:31,柑桔之家,砂糖橘批发市场价格小涨产地市场：砂糖橘均价1.8，沃柑3.5。,1
4496,​8月柑橘最新市场价格行情分析！,2020/8/23 11:30,柑橘信息网,但在经历了近两年的低迷行情后，今年柑橘价格仍然不乐观。,0
4536,柑橘行情规律，物以稀为贵，供大于求就便宜！,2020/8/26 20:18,柑橘之友,供大于求就便宜：沙糖桔疯狂扩种之后，过去两年上市高峰期，好果地头价才1.5元左右。,0
4537,柑橘行情规律，物以稀为贵，供大于求就便宜！,2020/8/26 20:18,柑橘之友,沃柑过去两年上市高峰期，好果地头价大概3～4元/斤，现在还在不断扩种，预计以后价格也会下滑。,0
4620,旺！旺销！柑橘等水果价格虽亲民，但销量大增！（附各地产区行情信息）,2020/12/6 22:18,种植助手,广西一代办表示，砂糖桔价格下跌，主要受三个因素影响，一是虽然上市量增多，但成熟度还不是很好，口感比较差；,0
4627,旺！旺销！柑橘等水果价格虽亲民，但销量大增！（附各地产区行情信息）,2020/12/6 22:18,种植助手,如在江苏无锡，从梨子到橙子、香蕉和草莓，价格都相当实惠，橙子的批发价格更是比去年同期低了一成六左右；,0
4628,旺！旺销！柑橘等水果价格虽亲民，但销量大增！（附各地产区行情信息）,2020/12/6 22:18,种植助手,在河南平顶山，市面柑橘种类繁多价格便宜，显示出柑橘大丰收带来的价格低销售旺的市场特点。,0
4629,旺！旺销！柑橘等水果价格虽亲民，但销量大增！（附各地产区行情信息）,2020/12/6 22:18,种植助手,而在山东济宁，苹果和橙子批发价格已经比去年同期低了两成左右，草莓目前价格虽较高，但也比刚上市时低了四成，与此同时市场销售情况不错，市民们对实惠的果价反应相当积极，纷纷购买。,0
5167,全市柑橘销售价格连续两周持续上涨,2020/12/21 16:34,宜昌农业,"与2019年同期3.05元/公斤相比下降25%,降幅收窄；",0
5168,全市柑橘销售价格连续两周持续上涨,2020/12/21 16:34,宜昌农业,与2018年同期2.2元/公斤相比，上涨4%。,1
5301,全国柑橘电商价格整体上涨，后市或偏“稳弱”运行！四川交易实力最强，广西广东次之！,2020/12/3 20:19,柑橘信息网,六、2020年柑橘价格水平整体上涨，后市行情价格偏稳弱2020年全国柑橘的电商价格整体是上涨的，2020年7-10月，柑橘均价为2.5元/斤，较2019年同期均价（1.7元/斤）高出45%。,1
5302,全国柑橘电商价格整体上涨，后市或偏“稳弱”运行！四川交易实力最强，广西广东次之！,2020/12/3 20:19,柑橘信息网,具体走势方面，7月柑橘刚刚上市，均价为3.6元/斤，较去年同期均价（2.5元/斤）上涨46%；,1
5304,全国柑橘电商价格整体上涨，后市或偏“稳弱”运行！四川交易实力最强，广西广东次之！,2020/12/3 20:19,柑橘信息网,9月柑橘均价为1.9元/斤，环比继续下跌16%，同比上涨93%；,0
5305,全国柑橘电商价格整体上涨，后市或偏“稳弱”运行！四川交易实力最强，广西广东次之！,2020/12/3 20:19,柑橘信息网,10月柑橘均价为2.0元/斤，环比转负为正，上涨5%，同比上涨13%，但同比涨幅较前几个月大幅度收窄。,1
5602,柑橘行情或迎来上涨，2020下半年是否是产业转折点？,2020/7/24 17:50,品牌农业与市场,例如，近年来各大电商平台纷纷搭建帮助果农销售水果的平台，让果农能及时把手中的水果卖出去，消费者也能吃到新鲜满意的水果，大大减少了中间环节的运输成本和时间成本，让果农们可以获取更多利润。,0
5657,柑橘行情一片大好，果农为什么砍了果树？,2020/1/14 11:33,聚土网,行情好，他们又要承受跌价风险；,0
5938,1月4日砂糖橘价格｜这种柑橘售价最高70元/公斤，未来一定会火！,2020/1/4 17:29,永福520网,据统计，2019年金桔交易量同比上涨0.46%，交易额同比上涨0.67%，均价为11.32元/公斤，同比下降0.21%。,0
5964,柑橘丰收却卖不出去，价格下跌或成肥料？,2020/11/23 21:44,公司零距离,从湖南柑橘价格走势来看，今年湖南省柑橘的价格水平较去年同期偏低，行情价格自上市以来一路走低。,0
5966,柑橘丰收却卖不出去，价格下跌或成肥料？,2020/11/23 21:44,公司零距离,《证券日报》记者从惠农网APP上查看到，部分柑橘品种批发价格已跌至0.5元每公斤，也有部分柑橘品种批发价格较为坚挺，仍维持在5元每公斤左右。,0
5971,柑橘丰收却卖不出去，价格下跌或成肥料？,2020/11/23 21:44,公司零距离,近期，柑橘销售价格出现了‘老品种价格低迷，新品种价格坚挺’的两极分化格局，表明湖南柑橘产业已到了亟待突破瓶颈实现更高层次发展的关键时间点上。,0
6173,价格不断下跌，柑橘产业出路在何方？,2020/12/2 20:06,生鲜头条,而砂糖橘、皇帝柑的产量最大，两者的价格也不是太好。,0
6174,价格不断下跌，柑橘产业出路在何方？,2020/12/2 20:06,生鲜头条,就拿砂糖橘来说，今年开秤价低了1元，往年都在4元一斤，今年的降到了3元左右，定园价更是只有2.5元。,0
6175,价格不断下跌，柑橘产业出路在何方？,2020/12/2 20:06,生鲜头条,如今南丰蜜桔尽管上市时间不长，但价格已跌到了1元多，优质果也才1.7元，2元的基本上看不到。,0
6177,价格不断下跌，柑橘产业出路在何方？,2020/12/2 20:06,生鲜头条,这些都只是刚上市的价格，伴随着12月份集中性上市，柑橘的行情还会继续下跌。,0
6187,价格不断下跌，柑橘产业出路在何方？,2020/12/2 20:06,生鲜头条,8月份就降到了2.3元一斤，9月份降到1.9元每斤，10月份上涨5%，价格回升到2.0元一斤。,0
6188,价格不断下跌，柑橘产业出路在何方？,2020/12/2 20:06,生鲜头条,不过接下来的柑橘迎来了持续上市，且产地的货源很是充足，接下来的柑橘价格还有下跌的空间。,0
6190,价格不断下跌，柑橘产业出路在何方？,2020/12/2 20:06,生鲜头条,03柑橘面临的现状NO.1供大于求柑橘产量年年增加，这是柑橘价格逐年下跌的原因，就拿砂糖橘来说，5年前一斤卖出了5元左右，但如今却跌到了2元左右，其原因很大程度是供大于求，市场的供应太多。,0
6191,价格不断下跌，柑橘产业出路在何方？,2020/12/2 20:06,生鲜头条,说到底前些年的砂糖橘行情比较好，农民纷纷盲目栽种，以至于产量大涨，且目前还处在盛果期，没人主动愿意退出这个市场，后续行情还会变差。,0
6377,11月柑橘成熟进入饱和期，砂糖橘价格下跌，市场整体趋于稳定,2020/11/13 17:11,国际果蔬,柑橘价格普遍在国庆后经历一轮下跌，降幅大约30%左右，目前市场已经整体趋于稳定。,0
6378,11月柑橘成熟进入饱和期，砂糖橘价格下跌，市场整体趋于稳定,2020/11/13 17:11,国际果蔬,其中，砂糖橘价格进入11月开始下跌。,0
6380,11月柑橘成熟进入饱和期，砂糖橘价格下跌，市场整体趋于稳定,2020/11/13 17:11,国际果蔬,进入11月份，随着多地砂糖橘上市，价格直线下跌，如今已经跌到了3元/斤。,0
6533,【水果行情】柑橘市场价格稳定，爱媛即将下市，迎来沙糖桔上市高峰期,2020/11/18 17:05,村宝网,金秋砂糖橘天气变冷，行情偏淡，价格偏低，货也不是很多，一级果3.8/斤，统果2.5/斤。,0
6656,多地产区的柑橘上市，价格是涨还是跌？走货慢还是快？,2020/10/23 17:10,就爱果电商平台,按照这个行情看，转色好的贡柑后期会有好的价格行情，预计果价会维持在2元/斤左右。,1
6686,柑橘市场硝烟四起，砂糖橘价格又开新低，谁之过？,2020/1/8 18:25,万果会,现在，砂糖橘已经跌至几年来的最低点，今年可能还会存活。,0
7105,惨遭连续3年价格低迷，广西柑橘产业出路：亟需这3种理性,2020/1/8 20:56,种植助手,其实，2017年沙糖桔价格跌下来后，各地新增的沙糖桔种植大户已经不多，这也是理性表现之一。,0
7211,11月柑橘成熟进入饱和期，砂糖橘价格下跌，将严重影响苹果价格,2020/11/13 21:17,西北果业信息,柑橘价格普遍在国庆后经历一轮下跌，降幅大约30%左右，目前市场已经整体趋于稳定。,0
7212,11月柑橘成熟进入饱和期，砂糖橘价格下跌，将严重影响苹果价格,2020/11/13 21:17,西北果业信息,其中，砂糖橘价格进入11月开始下跌。,0
7214,11月柑橘成熟进入饱和期，砂糖橘价格下跌，将严重影响苹果价格,2020/11/13 21:17,西北果业信息,进入11月份，随着多地砂糖橘上市，价格直线下跌，如今已经跌到了3元/斤。,0
7216,11月柑橘成熟进入饱和期，砂糖橘价格下跌，将严重影响苹果价格,2020/11/13 21:17,西北果业信息,与往年同期相比，今年柑橘整体价格不高，预计进入12月份之后，受上市量持续增加等因素影响，柑橘品类价格可能还会存在一定下降空间。,0
7225,11月柑橘成熟进入饱和期，砂糖橘价格下跌，将严重影响苹果价格,2020/11/13 21:17,西北果业信息,而南方砂糖橘类也开始上市，南丰蜜桔价格低至8毛钱一斤涌入市场，将直接成为阻碍今年苹果价格的拦路虎。,0
7365,预计后期水果价格将继续回落！奉劝柑橘成熟适价果断出手！,2020/10/20 17:52,作物大王新农盟,其中，梨、柑橘、香蕉批发价格分别下降2.4%、1.7%和1.1%。,0
7366,预计后期水果价格将继续回落！奉劝柑橘成熟适价果断出手！,2020/10/20 17:52,作物大王新农盟,商务部表示，伴随秋季时令水果上市量增加，预计后期水果价格仍将小幅回落。,0
7370,预计后期水果价格将继续回落！奉劝柑橘成熟适价果断出手！,2020/10/20 17:52,作物大王新农盟,例如，柑橘、猕猴桃、柚子等集中上市，将成为市场销售主力，价格将进入季节性下跌阶段。,0
7953,柑橘低价滞销不好卖？低品质难辞其咎，高品质的柑橘从不愁卖！,2020/1/12 19:35,老刘微农技,为什么今年也发生了大规模降价呢？,0
7956,柑橘低价滞销不好卖？低品质难辞其咎，高品质的柑橘从不愁卖！,2020/1/12 19:35,老刘微农技,尽管沙糖桔降价还有其他很多原因，但最开始点燃导火索的，那就是因为有果农早采影响了沙糖桔的品质。,0
8052,【行情分析】沙糖桔价格下滑，其他柑橘连带影响,2020/12/18 20:45,村宝网,截止到昨天各产区沙糖桔价格没有明显变化，但随着近段小雨，气温下降，沙糖桔价格下降，很多沙糖桔树都盖了膜，种植户也不愿意摘，采收主要以百家果为主，销售不大。,0
8056,【行情分析】沙糖桔价格下滑，其他柑橘连带影响,2020/12/18 20:45,村宝网,梧州苍梧沙糖桔行情代办陈哥：近日雨水绵绵，果面出现返青，今天的出果量增加，价格下降了，不过质量好的还是保持平衡，一级严选果是2.5元/斤，过框挑果1.5元/斤。,0
8160,重磅：2020年柑橘价格或将上涨！为何？答案都在里面,2020/4/22 11:30,柑橘信息网,批发商的价格可能高达每公斤0.75欧元。,1
8444,商务部：西瓜、梨、柑橘等水果价格环比上涨,2020/12/3 09:30,中国水果门户,受季节等因素影响，预计后期水果价格将略有上涨。,1
8663,柑桔价格：不可抗力！肺炎来袭、进口水果抢占中国春节市场！柑橘年货行情稍逊往年,2020/1/21 23:22,柑桔之家,记者看到，目前市场上大部分水果价格都有明显的回落，去年同期150、160元/箱的沃柑，今年110元/箱；,0
8664,柑桔价格：不可抗力！肺炎来袭、进口水果抢占中国春节市场！柑橘年货行情稍逊往年,2020/1/21 23:22,柑桔之家,沙糖橘较去年同期便宜了40%左右；,0
8665,柑桔价格：不可抗力！肺炎来袭、进口水果抢占中国春节市场！柑橘年货行情稍逊往年,2020/1/21 23:22,柑桔之家,耙耙柑较去年同期便宜30%左右；,0
9181,猕猴桃价格持续走低，挖树改种成柑橘，是否还来的及,2020/7/25 21:09,农业大百科,2、柑橘近2年的柑橘市场行情表现良好，不管是那个柑橘品种，后期的价格一般都是处于上涨的趋势，以早熟的爱嫒系列、春见系列的市场行情表现最好。,1
9610,桔价速递丨各柑橘行情总体趋稳，南丰蜜桔小涨；11月20日，西林砂糖桔上市！,2020/11/13 20:45,种植助手,广西西林砂糖桔11月20日开市这两天，南丰蜜桔好果价有所上升，上涨幅度在1-2毛/斤，爱媛、贡柑、脐橙等柑橘价格亦总体趋稳，贡柑好果价（60及以上）普遍在3元/斤以上。,1
9676,桔价速递丨各柑橘行情总体趋稳，南丰蜜桔小涨；11月20日，西林砂糖桔上市！,2020/11/13 20:45,种植助手,广西西林砂糖桔11月20日开市这两天，南丰蜜桔好果价有所上升，上涨幅度在1-2毛/斤，爱媛、贡柑、脐橙等柑橘价格亦总体趋稳，贡柑好果价（60及以上）普遍在3元/斤以上。,1
9760,广西柑橘销售遭遇“严冬”，2020年3月7日全国柑橘价格行情！,2020/3/7 23:33,柑桔之家,随着市场饱和，柑橘连续两年价跌，特别是2019末到2020春节的新冠肺炎疫情，加剧了销售困难，半数以上果品售价跌至成本线。,0
9797,中柑所彭良志：柑橘行情肯定会迎来低谷，但持续时间有限,2020/3/29 07:00,柑橘产业联盟,总量上柑橘产能已经供过于求，未来5年，如果没有大灾害，柑橘整体价格会持续下降。,0
9817,中柑所彭良志：柑橘行情肯定会迎来低谷，但持续时间有限,2020/3/29 07:00,柑橘产业联盟,预测熬过低谷期，价格将快速回升六、柑橘低谷会来，但持续时间有限柑橘产量过剩，需要调控，但主要不是通过人为调控，而是通过天调（自然灾害，如黄龙病）。,1
10563,【急】全国多地柑橘产区均感叹落果严重，今年柑橘价格或涨新高？,2020/5/21 17:47,柑橘那些事,因此不少人猜测今年赣南脐橙行情或有很大涨价的可能。,1
10827,今年柑橘行情普遍不好，砂糖橘会不会跌至1块一斤？,2020/12/17 11:19,乡野三农,反正砂糖橘跌至一元一斤还是很难的，毕竟成本价就是在这里了，除非全国大范围下雪卖不掉，不然价格还是不会跌得太低的，总归还是要让果农能够回本的。,0
11549,全国柑橘电商价格整体上涨，后市或偏“稳弱”运行！四川交易实力最强，广西广东次之！,2020/12/2 17:35,作物大王新农盟,六、2020年柑橘价格水平整体上涨，后市行情价格偏稳弱2020年全国柑橘的电商价格整体是上涨的，2020年7-10月，柑橘均价为2.5元/斤，较2019年同期均价（1.7元/斤）高出45%。,1
11550,全国柑橘电商价格整体上涨，后市或偏“稳弱”运行！四川交易实力最强，广西广东次之！,2020/12/2 17:35,作物大王新农盟,具体走势方面，7月柑橘刚刚上市，均价为3.6元/斤，较去年同期均价（2.5元/斤）上涨46%；,1
11551,全国柑橘电商价格整体上涨，后市或偏“稳弱”运行！四川交易实力最强，广西广东次之！,2020/12/2 17:35,作物大王新农盟,8月柑橘均价2.3元/斤，环比下跌36%，同比上涨44%，同比涨幅与7月基本持平；,0
11552,全国柑橘电商价格整体上涨，后市或偏“稳弱”运行！四川交易实力最强，广西广东次之！,2020/12/2 17:35,作物大王新农盟,9月柑橘均价为1.9元/斤，环比继续下跌16%，同比上涨93%；,0
11553,全国柑橘电商价格整体上涨，后市或偏“稳弱”运行！四川交易实力最强，广西广东次之！,2020/12/2 17:35,作物大王新农盟,10月柑橘均价为2.0元/斤，环比转负为正，上涨5%，同比上涨13%，但同比涨幅较前几个月大幅度收窄。,1
11558,减产和降质过后，今年的柑橘价格会像去年的苹果一样大涨吗？,2020/4/23 11:28,柑橘信息网,理由如下：小年或导致价格上涨柑橘具有明显的大小年现象，特别是对于技术不太成熟的果农来说，一年丰产一年减产的大小年现象更是明显。,1
11572,减产和降质过后，今年的柑橘价格会像去年的苹果一样大涨吗？,2020/4/23 11:28,柑橘信息网,在主产区产量、品质均下降和今年水果价格整体走高的双重影响下，优质柑橘价格企稳回升几成定局，特别是对于早熟柑橘而言，今年会卖一个好价钱，6月中旬广西崇左龙州早柑上市，开市价每斤3.5元，同比上涨0.5元。,1
11574,减产和降质过后，今年的柑橘价格会像去年的苹果一样大涨吗？,2020/4/23 11:28,柑橘信息网,但在此必须强调的是，今年柑橘涨价的幅度将远远小于因为去年减产而今年价格飙升的苹果，原因主要有以下两点：今年具体减产多少难以确定首先，今年主产区的柑橘虽然减产可能性大，但近年来全国柑橘扩种趋势明显，特别是砂糖橘、沃柑、不知火、春见等晚熟品种。,1
11672,今年柑橘行情或将迎来上涨？,2020/7/14 17:46,种植与农资,在柑橘的销售中，很多种植户可能都怪收果商压价，觉得价格低。,0
11714,​2020年柑橘的价格走势会如何？看完心里有数了！,2020/8/13 11:45,柑橘信息网,2017年，秋季南方多处柑橘主产区遭受了长时间降雨危害，南丰蜜橘、普通温州蜜橘烂在树上无人采收，亚洲最早熟蜜橘基地云南华宁县，均价从往年的4-5元/斤，跌到1元多，广西砂糖橘收购价从往年5元上下到1块多，惜售的只有倒掉，砂糖橘变“杀人橘”，很多业主逃离此行业。,0
11921,减产、降质、大小年，今年的柑橘价格走势如何？,2020/7/10 06:43,永州天禾农资,但在此必须强调的是，今年柑橘涨价的幅度不会很高，原因主要有以下两点：■今年具体减产多少难以确定首先，今年主产区的柑橘虽然减产可能性大，但近年来全国柑橘扩种趋势明显，特别是砂糖橘、沃柑、不知火、春见等晚熟品种。,1
12020,目前柑橘走货慢、价格低，12月后柑橘“扎堆成熟”，怎么办？,2020/11/29 10:48,万果会,但在今年，平均收购价已经降到0.4元/斤。,0
12023,目前柑橘走货慢、价格低，12月后柑橘“扎堆成熟”，怎么办？,2020/11/29 10:48,万果会,就市场行情来看，除了双节期间橘子收购价冲破了1元/斤外，柑橘主体价格一直处于下跌趋势。,0
12043,全国柑橘电商价格整体上涨，后市或偏“稳弱”运行！四川交易实力最强，广西广东次之！,2020/12/8 18:51,万果会,具体走势方面，7月柑橘刚刚上市，均价为3.6元/斤，较去年同期均价（2.5元/斤）上涨46%；,1
12044,全国柑橘电商价格整体上涨，后市或偏“稳弱”运行！四川交易实力最强，广西广东次之！,2020/12/8 18:51,万果会,8月柑橘均价2.3元/斤，环比下跌36%，同比上涨44%，同比涨幅与7月基本持平；,1
12045,全国柑橘电商价格整体上涨，后市或偏“稳弱”运行！四川交易实力最强，广西广东次之！,2020/12/8 18:51,万果会,9月柑橘均价为1.9元/斤，环比继续下跌16%，同比上涨93%；,0
12046,全国柑橘电商价格整体上涨，后市或偏“稳弱”运行！四川交易实力最强，广西广东次之！,2020/12/8 18:51,万果会,10月柑橘均价为2.0元/斤，环比转负为正，上涨5%，同比上涨13%，但同比涨幅较前几个月大幅度收窄。,1
12254,预计后期水果价格将继续回落！奉劝柑橘成熟适价果断出手！,2020/10/20 21:54,柑桔之家,例如，柑橘、猕猴桃、柚子等集中上市，将成为市场销售主力，价格将进入季节性下跌阶段。,0
12255,预计后期水果价格将继续回落！奉劝柑橘成熟适价果断出手！,2020/10/20 21:54,柑桔之家,存储类水果库存量低，销售量小，预计价格继续高位运行或将持续至新产季。,1
12257,预计后期水果价格将继续回落！奉劝柑橘成熟适价果断出手！,2020/10/20 21:54,柑桔之家,与此同时，今年蜜桔、青皮橙、阳光玫瑰、红心猕猴桃等水果的批发价跟往年相比均有所走低。,0
12495,销量转旺！柑橘等水果价格虽亲民，但销量大增！（附各地产区行情信息）,2020/12/6 23:48,柑桔之家,最近一周，受果商偏少，而砂糖桔上市量不断增多影响，主产区广西砂糖桔收购价均有明显下跌，多个产区全红果跌至3.1-3.3元/斤，而一般货多数在2.5元左右/斤。,0
12501,销量转旺！柑橘等水果价格虽亲民，但销量大增！（附各地产区行情信息）,2020/12/6 23:48,柑桔之家,行情下行，带来的往往是更多人急于销售，同时受水果市场行情整体低迷影响，预计未来砂糖桔行情上涨空间有限，会否继续下跌，还需看走货速度和天气情况。,0
12505,销量转旺！柑橘等水果价格虽亲民，但销量大增！（附各地产区行情信息）,2020/12/6 23:48,柑桔之家,如在江苏无锡，从梨子到橙子、香蕉和草莓，价格都相当实惠，橙子的批发价格更是比去年同期低了一成六左右；,0
12506,销量转旺！柑橘等水果价格虽亲民，但销量大增！（附各地产区行情信息）,2020/12/6 23:48,柑桔之家,在河南平顶山，市面柑橘种类繁多价格便宜，显示出柑橘大丰收带来的价格低销售旺的市场特点。,0
12507,销量转旺！柑橘等水果价格虽亲民，但销量大增！（附各地产区行情信息）,2020/12/6 23:48,柑桔之家,而在山东济宁，苹果和橙子批发价格已经比去年同期低了两成左右，草莓目前价格虽较高，但也比刚上市时低了四成，与此同时市场销售情况不错，市民们对实惠的果价反应相当积极，纷纷购买。,0
12958,早上市的柑橘走货慢、价格低，后期柑橘“扎堆成熟”，今年行情走势如何？,2020/11/19 20:34,云南水果通,以蜜橘为例，和之前的年份相比，早熟蜜桔的收购价不是很乐观。,0
12960,早上市的柑橘走货慢、价格低，后期柑橘“扎堆成熟”，今年行情走势如何？,2020/11/19 20:34,云南水果通,但在今年，平均收购价已经降到0.4元/斤。,0
12961,早上市的柑橘走货慢、价格低，后期柑橘“扎堆成熟”，今年行情走势如何？,2020/11/19 20:34,云南水果通,全国几大主力产区——广西、江西、湖北等地的橘子集体卖出时也只有几毛一斤，并且销量不是十分好，呈现了积压滞销的情况。,0
12963,早上市的柑橘走货慢、价格低，后期柑橘“扎堆成熟”，今年行情走势如何？,2020/11/19 20:34,云南水果通,就市场行情来看，除了双节期间橘子收购价冲破了1元/斤外，柑橘主体价格一直处于下跌趋势。,0
234,柑橘价格之我见，行情能否上涨？看几个因素条件,2021/2/28 22:00,老刘微农技,由于今年柑橘种植殊多不如意，口感变差的不在少数，市场走不动，价格是越来越低，春节后偶尔几天的果价上涨趋势，没有维持几天就断裂了，一下就跌了一元以上，给刚开始高兴起来的果农们来了个措手不及。,0
242,柑橘价格之我见，行情能否上涨？看几个因素条件,2021/2/28 22:00,老刘微农技,照理来说，按照水果一般市场规律来看，起价不高的水果，以后的价格就算涨不了，但也不会跌到那里去，而今年却来了一个意外。,0
243,柑橘价格之我见，行情能否上涨？看几个因素条件,2021/2/28 22:00,老刘微农技,由于年初的寒冷天气，眼看巳经进入成熟采摘期的耙耙柑不幸遭了冻伤害，而且今年果子的凉伤与以往的症状还不一样，大部分都是以内冻伤为主，果实表皮看起来还像正常果子一样，但果肉内却出了问题，好多买家开始都没有太注意，后来发现后都不敢要了，市场开始出现大幅压价压量。,0
244,柑橘价格之我见，行情能否上涨？看几个因素条件,2021/2/28 22:00,老刘微农技,今年的柑橘价格偏低主要还是果实被冻伤，买家不敢入手的原因。,0
250,柑橘价格之我见，行情能否上涨？看几个因素条件,2021/2/28 22:00,老刘微农技,后市会咋样随着柑橘行情的变化，日子也在一天天过去，柑橘耙耙柑、丑柑不知火果实的口感风味也会越来越好，后期的市场行情还是有着一些利好因素的。,1
255,柑橘价格之我见，行情能否上涨？看几个因素条件,2021/2/28 22:00,老刘微农技,今年的柑橘市场，估计价格可能会出现一个跌后小涨的行情，在三月下旬会有一个销售小高峰，就算价格不涨但也至于下跌，市场走货量会比较大，市场货的价格有希望可能会维持在每斤3.2-3.6元左右。,1
293,12月30日全国柑橘价格大爆料！,2021/12/30 17:06,柑露果服,特别是桂林荔浦、永福、阳朔这一代的盖膜砂糖橘，多数果农处于观望状态，没有2元/斤的价格，基本不愿意出手卖果。,0
456,柑橘价格▏1月29日柑橘价格行情,2021/1/29 20:54,老刘微农技,本周前半段，虽然价格小涨，但终端市场出货不旺，果商主要以走桂北的盖膜冻果和寻找低价果为主（价位1.4-1.6元/斤），后半段，由于桂北冻果品质下滑，部分果商转战荔浦、平乐、蒙山、鹿寨、永福等桂中南产区，加上部分学校提前放假，终端市场需求提升，价格又上涨0.2-0.3元/斤。,1
459,柑橘价格▏1月29日柑橘价格行情,2021/1/29 20:54,老刘微农技,沃柑行情变动不大，由于多地沃柑出现冻伤情况，预计接下来沃柑行情将有小幅度上涨。,1
465,柑橘价格▏1月29日柑橘价格行情,2021/1/29 20:54,老刘微农技,今年过年各地人员流通肯定比往年少，砂糖橘价格下来了，但愿消费会旺盛一些。,0
992,进口水果品种和数量减少有何影响？节前柑橘价格同比下降，部分果农面临亏损,2021/1/27 20:09,农财网柑桔通,记者发现今年水果价格较去年同期更便宜。,0
993,进口水果品种和数量减少有何影响？节前柑橘价格同比下降，部分果农面临亏损,2021/1/27 20:09,农财网柑桔通,首先冬季水果中的网红大单品车厘子跌到史上最低价，近日在浙江嘉兴水果批发市场，车厘子出现了80元一斤5kg的价格，虽然价格足够低，但是观望的人依然比买的人多。,0
995,进口水果品种和数量减少有何影响？节前柑橘价格同比下降，部分果农面临亏损,2021/1/27 20:09,农财网柑桔通,车厘子便宜了，其他进口水果的销量就会受到影响，自然要降价。,0
996,进口水果品种和数量减少有何影响？节前柑橘价格同比下降，部分果农面临亏损,2021/1/27 20:09,农财网柑桔通,如莲雾等精品水果都已不同程度降价。,0
997,进口水果品种和数量减少有何影响？节前柑橘价格同比下降，部分果农面临亏损,2021/1/27 20:09,农财网柑桔通,国产水果沙糖橘出现了严重的价格倒挂现象，今年沙糖橘统货批发价仅为3.5元/公斤，精品果批发价也才3.6-4元/公斤，比去年同期分别下降1元/公斤左右。,0
1002,进口水果品种和数量减少有何影响？节前柑橘价格同比下降，部分果农面临亏损,2021/1/27 20:09,农财网柑桔通,今年耙耙柑的价格相较于去年同期也下降不少。,0
1005,进口水果品种和数量减少有何影响？节前柑橘价格同比下降，部分果农面临亏损,2021/1/27 20:09,农财网柑桔通,李碧春介绍，根据个头、口感、皮的厚薄等因素，耙耙柑的价格不同，目前的价格相较于去年同期每公斤至少便宜了3元。,0
1008,进口水果品种和数量减少有何影响？节前柑橘价格同比下降，部分果农面临亏损,2021/1/27 20:09,农财网柑桔通,据上海市果品行业协会副会长贾玉海说，根据目前的库存水果情况和外地储存的货源，“今年水果价格很难再出现‘高烧不退’的行情。”,0
1012,进口水果品种和数量减少有何影响？节前柑橘价格同比下降，部分果农面临亏损,2021/1/27 20:09,农财网柑桔通,“供需两方面看，今年水果价格总体上都很难大幅上涨。”,0
1032,今年柑橘价格如何？一张图告诉你！,2021/6/1 11:30,柑橘信息网,2017年秋季南方多处柑橘主产区遭受了长时间降雨危害，南丰蜜橘、普通温州蜜橘烂在树上无人采收，亚洲最早熟蜜橘基地云南华宁县，均价从往年的4-5元/斤，跌到1元多，广西砂糖橘收购价从往年5元上下到1块多，惜售的只有倒掉，砂糖橘变“杀人橘”，很多业主逃离此行业。,0
1033,今年柑橘价格如何？一张图告诉你！,2021/6/1 11:30,柑橘信息网,2018年是柑橘大年，同样没有逃出丰产不丰收的命运，南方8-10月连续阴雨，早熟柑橘果子糖度低、着色差、不耐贮运，基本处于保本、微利状态。,0
1034,今年柑橘价格如何？一张图告诉你！,2021/6/1 11:30,柑橘信息网,而早来的霜冻危害更是雪上加霜，桂北、赣中、赣北、湘西、湘西北地区中晚熟品种在12月受冻严重，30%以上失去商品价值。,0
1035,今年柑橘价格如何？一张图告诉你！,2021/6/1 11:30,柑橘信息网,十年一轮回的低温灾害天气，,0
1259,现在柑橘多少钱一斤？八大产区柑橘价格一览表！8月柑橘市场最新行情分析,2021/8/7 11:46,柑橘信息网,但在经历了近两年的低迷行情后，今年柑橘价格仍然不乐观。,0
1376,今年柑橘价格持续低迷？一张图告诉你未来出路在哪里,2021/9/3 19:30,柑橘记事,水果品种多，更新快，以后竞争越激烈，供货量越大，利润就越低。,0
1450,【柑橘价格】距离春节还剩15天，柑橘价格行情,2021/1/26 18:06,村宝网,贺州代办沙糖桔行情走量较慢，价格1.1-1.6元/斤，好货1.7-1.9元/斤，主要原果农要价扁高，沃柑行情不好，主要是出现霜冻。,0
1469,柑橘价格虽说低，管理还是要用心，今年流行反措施,2021/4/11 17:00,老刘微农技,也不要忘记点赞哦~亲柑橘又到了抽枝发芽的时间了，今年由冻伤害的原因，虽然现在的果子价格不是很好，但管理工作还是要做起来，只是与往年有些不同了。,1
1619,【柑橘行情】柑橘价格走势，沃柑地位不稳，沙糖桔逆势上涨,2021/3/22 20:00,村宝网,沃柑风靡了好几年，但是今年的价格却不是很乐观，受环境和疫情影响。,0
1621,【柑橘行情】柑橘价格走势，沃柑地位不稳，沙糖桔逆势上涨,2021/3/22 20:00,村宝网,本来沙糖桔的销售就已经快结束了，供应量减少，价格就已经有所上涨了，这次因为沃柑的影响，价格再次上涨。,1
1623,【柑橘行情】柑橘价格走势，沃柑地位不稳，沙糖桔逆势上涨,2021/3/22 20:00,村宝网,毕竟近几年沙糖桔被沃柑压得透不过气来，现在沙糖桔价格上涨，果农自然觉得扬眉吐气了。,1
2071,这种柑橘价格一直坚挺，今年价格首次回落，市场就一片唱衰,2021/1/24 18:11,柑橘信息网,只不过看到砂糖橘现在已经回落，很多朋友看到现在到处都种植沃柑，也认为好景不长了。,0
2072,这种柑橘价格一直坚挺，今年价格首次回落，市场就一片唱衰,2021/1/24 18:11,柑橘信息网,而今年沃柑刚一降价，一个个都奔出去表示沃柑一定会烂市。,0
2073,这种柑橘价格一直坚挺，今年价格首次回落，市场就一片唱衰,2021/1/24 18:11,柑橘信息网,沃柑一降价，众人就开始看衰，认为今年会烂市老农不管是从果农嘴里听说的，还是从网上看到的评论，很多朋友看到今年沃柑价格下跌，都开始发表自己的意见了。,0
2076,这种柑橘价格一直坚挺，今年价格首次回落，市场就一片唱衰,2021/1/24 18:11,柑橘信息网,只不过老农还是要说一句公道话，不要过于追涨杀跌看衰或者是看好，如今今年沃柑没有降价，相信网上只会一片看好沃柑，还是会继续吹捧继续大量种植了。,1
2078,这种柑橘价格一直坚挺，今年价格首次回落，市场就一片唱衰,2021/1/24 18:11,柑橘信息网,可一旦价格回落了，一些朋友就出来唱衰了。,0
2080,这种柑橘价格一直坚挺，今年价格首次回落，市场就一片唱衰,2021/1/24 18:11,柑橘信息网,随着种植面积越来越大，价格回落是很正常的。,0
2081,这种柑橘价格一直坚挺，今年价格首次回落，市场就一片唱衰,2021/1/24 18:11,柑橘信息网,老农也认为未来沃柑肯定是会走砂糖橘的老路了，毕竟再好吃的柑橘，产量一上来了也要变得廉价的。,0
2082,这种柑橘价格一直坚挺，今年价格首次回落，市场就一片唱衰,2021/1/24 18:11,柑橘信息网,不过今年沃柑刚一降价，大家就跳出来看衰也有点太着急了，今年沃柑价格遇冷跟疫情是脱不了关系的。,0
2085,这种柑橘价格一直坚挺，今年价格首次回落，市场就一片唱衰,2021/1/24 18:11,柑橘信息网,桂林地区沃柑冻伤减产，今年未必会烂市今年桂林地区的沃柑大家都是知道的，没有盖膜的就是被冻伤了，盖膜的反而是烧伤了，反正左右都是减产了，霜冻果更是低至5毛钱一斤，果农损失比较严重。,0
2088,这种柑橘价格一直坚挺，今年价格首次回落，市场就一片唱衰,2021/1/24 18:11,柑橘信息网,现在最大的因素还是疫情，能不能运输以及走货顺不顺畅，这是价格能不能起来的原因。,0
2089,这种柑橘价格一直坚挺，今年价格首次回落，市场就一片唱衰,2021/1/24 18:11,柑橘信息网,只要能够正常销售，沃柑在年后未必就没有涨价的可能性。,1
2090,这种柑橘价格一直坚挺，今年价格首次回落，市场就一片唱衰,2021/1/24 18:11,柑橘信息网,当然对于消费者来说，大家都是没有种植沃柑的，以前吃不起，现在降价一些也可以买得起了，买些回来当年货还是很不错的，没吃过的朋友可以下单尝尝了。,0
2289,又一种柑橘价格突破两元大关，有人表示亩挣万元有望了,2021/2/2 11:12,柑橘信息网,来自：深山老农民最近有一种大家都关注的柑橘可是涨价了，这可让广西种植户乐开了花，虽然涨价的幅度也不是特别高，但却让种植户从亏本的边缘回到赚钱的时代，更是有果农喊出又有奔头了，种植的积极性也高了不少。,1
2290,又一种柑橘价格突破两元大关，有人表示亩挣万元有望了,2021/2/2 11:12,柑橘信息网,砂糖橘价格突破两元大关，亩挣万元似乎有望了前段时间砂糖橘的价格只有一块出头，这个价格基本上就是成本价了，如果是种植大户这个价还会亏钱，毕竟请人打农药施肥都是需要花钱有，有的朋友更是托管给别人，这花销就更加大了。,1
2292,又一种柑橘价格突破两元大关，有人表示亩挣万元有望了,2021/2/2 11:12,柑橘信息网,好在最近砂糖橘的价格就有所上涨了，临近春节收购商需要提前备货，而消费者也要提前采购回来当年货。,1
2293,又一种柑橘价格突破两元大关，有人表示亩挣万元有望了,2021/2/2 11:12,柑橘信息网,毕竟现在砂糖橘的价格回落了，可不妨碍是一种非常好吃的柑橘，如今又便宜还好吃，对于喜欢吃甜柑橘的朋友自然是要买的。,0
2294,又一种柑橘价格突破两元大关，有人表示亩挣万元有望了,2021/2/2 11:12,柑橘信息网,需求增加了，收购商也在抓紧时间采购，这自然造成砂糖橘的价格上涨了。,1
2298,又一种柑橘价格突破两元大关，有人表示亩挣万元有望了,2021/2/2 11:12,柑橘信息网,砂糖橘价格虽涨，但能不能稳住还是一个问题现在不管是哪一个行业，追涨杀跌的情况都存在。,1
2301,又一种柑橘价格突破两元大关，有人表示亩挣万元有望了,2021/2/2 11:12,柑橘信息网,而现在价格又涨起来了，种植户看到了利润，又对果农变得很珍惜了，不说健康的果树了，就算是感染黄龙病的果树也觉得还可以再观望一年再说，没必要直接就砍树的。,1
2302,又一种柑橘价格突破两元大关，有人表示亩挣万元有望了,2021/2/2 11:12,柑橘信息网,这样的心态可是要不得的，现在砂糖橘的价格虽然涨了，但是能不能稳住还是一个问题，毕竟现在今年大家心里确实没太多的钱，再加上各地喊出就过年的的口号，柑橘的消费量可能还是会受到影响的。,1
2303,又一种柑橘价格突破两元大关，有人表示亩挣万元有望了,2021/2/2 11:12,柑橘信息网,再者砂糖橘产量仍然还是供大于求的，现在涨价了，一旦种植户扎堆抛售，价格很快又会下来了。,0
2489,这种柑橘价格一直坚挺，可今年刚一降价，市场一片唱衰,2021/1/24 20:45,老刘微农技,只不过看到砂糖橘现在已经回落，很多朋友看到现在到处都种植沃柑，也认为好景不长了。,0
2490,这种柑橘价格一直坚挺，可今年刚一降价，市场一片唱衰,2021/1/24 20:45,老刘微农技,而今年沃柑刚一降价，一个个都奔出去表示沃柑一定会烂市。,0
2491,这种柑橘价格一直坚挺，可今年刚一降价，市场一片唱衰,2021/1/24 20:45,老刘微农技,沃柑一降价，众人就开始看衰，认为今年会烂市老农不管是从果农嘴里听说的，还是从网上看到的评论，很多朋友看到今年沃柑价格下跌，都开始发表自己的意见了。,0
2495,这种柑橘价格一直坚挺，可今年刚一降价，市场一片唱衰,2021/1/24 20:45,老刘微农技,反正沃柑价格越高，大家都喜欢追涨，也不管风险有多大，都会去种植。,1
2497,这种柑橘价格一直坚挺，可今年刚一降价，市场一片唱衰,2021/1/24 20:45,老刘微农技,其实还真没必要，每一种柑橘都有价格周期，刚被人接受那会价格肯定是高的。,0
2498,这种柑橘价格一直坚挺，可今年刚一降价，市场一片唱衰,2021/1/24 20:45,老刘微农技,随着种植面积越来越大，价格回落是很正常的。,0
2710,柑橘行情 | 金秋砂糖橘即将上市，价格高还是低？,2021/9/24 16:58,柑露果服,去年金秋砂糖橘的上市价格，3.5~5元/斤不等，上市前期价格高些，后期价格稍微下滑。,0
2711,柑橘行情 | 金秋砂糖橘即将上市，价格高还是低？,2021/9/24 16:58,柑露果服,今年金秋砂糖橘预定价格在3.5~4.5元/斤左右，价格比去年略低一些，可能是由于今年的产量有所增加了。,0
3088,柑橘行情分享：砂糖橘好果普遍涨价，沃柑价格保持稳定,2021/2/1 17:44,大橘大利,上周前半段，虽然价格小涨，但终端市场出货不旺，果商主要以走桂北的盖膜冻果和寻找低价果为主（价位1.4-1.6元/斤），后半段，由于桂北冻果品质下滑，部分果商转战荔浦、平乐、蒙山、鹿寨、永福等桂中南产区，加上部分学校提前放假，终端市场需求提升，价格又上涨0.2-0.3元/斤。,1
3091,柑橘行情分享：砂糖橘好果普遍涨价，沃柑价格保持稳定,2021/2/1 17:44,大橘大利,荔浦砂糖橘价格普通果：1.3~1.5元/斤中上好果：1.5~1.7元/斤优质果：1.7~2.0元/斤荔浦砂糖橘近期价格回升，小有涨幅。,1
3094,柑橘行情分享：砂糖橘好果普遍涨价，沃柑价格保持稳定,2021/2/1 17:44,大橘大利,各地砂糖橘价格价格波动大，当日价格仅供参考沃柑行情变动不大，由于多地沃柑出现冻伤情况，预计接下来沃柑行情将有小幅度上涨。,1
3097,柑橘行情分享：砂糖橘好果普遍涨价，沃柑价格保持稳定,2021/2/1 17:44,大橘大利,各地沃柑价格价格波动大，当日价格仅供参考过几天，天气仍较好，利于采果，临近春节，部分果商开始预定年果（定好一周后采摘），预计走货量仍会增大，如果没有疫情反复的影响，估计价格会维持在2字头的相对高位。,1
3210,又一种柑橘价格突破两元大关，果农直言亩挣万元有望了,2021/2/2 09:40,老谭说农业,最近有一种大家都关注的柑橘可是涨价了，这可让广西种植户乐开了花，虽然涨价的幅度也不是特别高，但却让种植户从亏本的边缘回到赚钱的时代，更是有果农喊出又有奔头了，种植的积极性也高了不少。,1
3213,又一种柑橘价格突破两元大关，果农直言亩挣万元有望了,2021/2/2 09:40,老谭说农业,好在最近砂糖橘的价格就有所上涨了，临近春节收购商需要提前备货，而消费者也要提前采购回来当年货。,1
3214,又一种柑橘价格突破两元大关，果农直言亩挣万元有望了,2021/2/2 09:40,老谭说农业,毕竟现在砂糖橘的价格回落了，可不妨碍是一种非常好吃的柑橘，如今又便宜还好吃，对于喜欢吃甜柑橘的朋友自然是要买的。,0
3215,又一种柑橘价格突破两元大关，果农直言亩挣万元有望了,2021/2/2 09:40,老谭说农业,需求增加了，收购商也在抓紧时间采购，这自然造成砂糖橘的价格上涨了。,1
3222,又一种柑橘价格突破两元大关，果农直言亩挣万元有望了,2021/2/2 09:40,老谭说农业,而现在价格又涨起来了，种植户看到了利润，又对果农变得很珍惜了，不说健康的果树了，就算是感染黄龙病的果树也觉得还可以再观望一年再说，没必要直接就砍树的。,1
3223,又一种柑橘价格突破两元大关，果农直言亩挣万元有望了,2021/2/2 09:40,老谭说农业,这样的心态可是要不得的，现在砂糖橘的价格虽然涨了，但是能不能稳住还是一个问题，毕竟现在今年大家心里确实没太多的钱，再加上各地喊出就过年的的口号，柑橘的消费量可能还是会受到影响的。,1
3224,又一种柑橘价格突破两元大关，果农直言亩挣万元有望了,2021/2/2 09:40,老谭说农业,再者砂糖橘产量仍然还是供大于求的，现在涨价了，一旦种植户扎堆抛售，价格很快又会下来了。,1
3360,3月4日柑橘行情分享 | 沃柑价格略有下滑，其他品种怎样？,2021/3/4 16:58,柑露果服,1沃柑近期价格随着各地沃柑大量上市，近期价格略有下滑，好果价格在2.6~3.2元/斤不等，视各地区品质与果实规格大小略有差异，但各地好果价格相差不大。,0
3404,这一柑橘价格起伏不定，1.6-10元都卖过，果农心情大起大落,2021/1/20 09:24,老谭说农业,只不过近几年耙耙柑的价格起伏是非常大的，2017年四川耙耙柑地头收购价平均10元/斤，2018年大跌至1.6-5元/斤，2019年前期跟着价格低迷，后期开始价格大涨，一度高到10元/斤。,1
3406,这一柑橘价格起伏不定，1.6-10元都卖过，果农心情大起大落,2021/1/20 09:24,老谭说农业,而像砂糖橘以及沃柑这些老牌柑橘，大家知道味道很不错，已经有了固定的客货，所以销路是没有问题的，只不过现在是因为供应增加而导致价格下跌而已。,0
3468,1月28日柑橘行情分享：砂糖橘价格稳中有涨，沃柑价格保持稳定……,2021/1/28 17:45,柑露果服,荔浦砂糖橘近期价格回升，小有涨幅。,1
3469,1月28日柑橘行情分享：砂糖橘价格稳中有涨，沃柑价格保持稳定……,2021/1/28 17:45,柑露果服,上周砂糖橘成交价格多在1.6~1.7/斤，这周成交价格多在1.7~1.8元/斤，价格上涨了0.1~0.2元/斤，普通果的价格也有1.3~1.5元/斤。,1
4209,​2021年柑橘的价格走势会如何？看完心里有数了！,2021/8/4 11:43,柑橘信息网,2017年，秋季南方多处柑橘主产区遭受了长时间降雨危害，南丰蜜橘、普通温州蜜橘烂在树上无人采收，亚洲最早熟蜜橘基地云南华宁县，均价从往年的4-5元/斤，跌到1元多，广西砂糖橘收购价从往年5元上下到1块多，惜售的只有倒掉，砂糖橘变“杀人橘”，很多业主逃离此行业。,0
4210,​2021年柑橘的价格走势会如何？看完心里有数了！,2021/8/4 11:43,柑橘信息网,"今年，受百年难遇的疫情影响，各地柑橘相继出现滞销情况，部分果农资金回笼困难，销售价格过低导致果农出现不同程度的负债，甚至有些果农还会因为连续三年低价而导致资金链断裂,这无疑会使后续的投资与管理发生很多困难。",0
4219,​2021年柑橘的价格走势会如何？看完心里有数了！,2021/8/4 11:43,柑橘信息网,由于物流问题，北欧市场上的橙子价格正在上涨。,1
4220,​2021年柑橘的价格走势会如何？看完心里有数了！,2021/8/4 11:43,柑橘信息网,国内边境检查增加了运输成本。,1
4747,柑橘行情 | 最新沃柑、砂糖橘价格分享！,2021/2/22 17:33,南方农事,近期，各产区砂糖橘价格有所下滑，桂林阳朔、荔浦、永福、河池等地好果价格成交价在2.5元~2.8/斤上下，统果2.2元/斤左右，走货量一般。,0
5024,红美人柑橘品种简介和市场价格,2021/4/18 19:00,柑橘信息网,预计红美人柑橘价格稳中有涨，红美人柑橘品种无核，原形或扁球形，果面浓橙色，果肉极化渣，肉质细腻，高糖低酸，香味独特，有甜橙的香气很受市场消费者欢迎。,1
5213,柑橘行情分享：砂糖橘价格稳中有涨，沃柑价格保持稳定,2021/1/30 20:48,老刘微农技,临近春节，砂糖橘价格较上周小有涨幅，行情浮动总体平稳，出货量增加。,1
5217,柑橘行情分享：砂糖橘价格稳中有涨，沃柑价格保持稳定,2021/1/30 20:48,老刘微农技,（网络配图）荔浦砂糖橘价格普通果：1.3~1.5元/斤中上好果：1.5~1.7元/斤优质果：1.7~2.0元/斤荔浦砂糖橘近期价格回升，小有涨幅。,1
5218,柑橘行情分享：砂糖橘价格稳中有涨，沃柑价格保持稳定,2021/1/30 20:48,老刘微农技,上周砂糖橘成交价格多在1.6~1.7/斤，这周成交价格多在1.7~1.8元/斤，价格上涨了0.1~0.2元/斤，普通果的价格也有1.3~1.5元/斤。,1
5274,【柑橘行情】临近五一，沃柑价格上涨，冷库果进入市场,2021/4/26 20:54,村宝网,近日，五一临近，沃柑价格有所上涨，武鸣库存的沃柑开始出库，成交价基本在3.2元/斤。,1
5275,【柑橘行情】临近五一，沃柑价格上涨，冷库果进入市场,2021/4/26 20:54,村宝网,“收购商在价格低的时候大量收购沃柑进入冷库，最近因为价格上涨和五一节日到来，开始陆续出库销售了。”,1
5278,【柑橘行情】临近五一，沃柑价格上涨，冷库果进入市场,2021/4/26 20:54,村宝网,茂谷柑经历了上市初期的价格低迷后，迎来了一波行情小涨，走货量也大幅加快。,1
5281,【柑橘行情】临近五一，沃柑价格上涨，冷库果进入市场,2021/4/26 20:54,村宝网,武鸣代办陈先生表示，目前成交价多集中在2.1-2.4元/斤之间，较上市初期上涨明显。,1
5294,【柑橘行情】临近五一，沃柑价格上涨，冷库果进入市场,2021/4/26 20:54,村宝网,灵川代办刘先生：沃柑价格有点上涨，好的货价格在3元/斤以上。,1
5362,【柑橘行情】清明将至，沃柑价格回暖，走货量增加,2021/3/27 20:00,村宝网,清明将至，沃柑价格开始回暖，果农心中的一块大石也落了地。,1
5367,【柑橘行情】清明将至，沃柑价格回暖，走货量增加,2021/3/27 20:00,村宝网,二是由于之前沃柑价格不断降低，果农对沃柑价格留有期望，在低价格下都处于观望状态，囤货不出手。,0
5374,【柑橘行情】清明将至，沃柑价格回暖，走货量增加,2021/3/27 20:00,村宝网,柑橘行情报价灵川代办刘先生：马水桔价格在0.8-1.8元/斤之间，价格涨了，走货快了一点。,1
5728,柑橘行情分享：砂糖橘价格稳中有涨，沃柑价格保持稳定,2021/1/29 17:23,南方农事,（网络配图）荔浦砂糖橘价格普通果：1.3~1.5元/斤中上好果：1.5~1.7元/斤优质果：1.7~2.0元/斤荔浦砂糖橘近期价格回升，小有涨幅。,1
6434,1月28日柑橘行情分享：砂糖橘价格稳中有涨，沃柑价格保持稳定……,2021/1/29 17:24,垂青科技,临近春节，天气晴朗、好摘果，砂糖橘价格较上周小有涨幅，行情浮动总体平稳，出货量增加。,1
6441,1月28日柑橘行情分享：砂糖橘价格稳中有涨，沃柑价格保持稳定……,2021/1/29 17:24,垂青科技,荔浦砂糖橘近期价格回升，小有涨幅。,1
6449,1月28日柑橘行情分享：砂糖橘价格稳中有涨，沃柑价格保持稳定……,2021/1/29 17:24,垂青科技,各地砂糖橘价格如下图所示：沃柑行情变动不大，由于多地沃柑出现冻伤情况，预计接下来沃柑行情将有小幅度上涨。,1
6464,柑橘行情逐渐平稳，武鲜柑开始上市,2021/3/10 21:17,全球果蔬网,综合看来，沃柑的价格较往年偏低。,0
6488,【柑橘行情】柑橘市场进入尾期，早熟水果纷纷上市，抢占市场,2021/4/23 20:00,村宝网,灵川代办刘先生：茂谷柑价格有点涨价，看园给价，价格2.2元/斤左右。,1
6595,这一柑橘价格跌至两块多，首次遭遇滑铁卢，消费者却有福了,2021/1/17 09:13,老谭说农业,所以现在沃柑降价之后，很多朋友都大量购买回来尝尝鲜。,0
6596,这一柑橘价格跌至两块多，首次遭遇滑铁卢，消费者却有福了,2021/1/17 09:13,老谭说农业,不得不说今年沃柑真是运气不好，国内国外市场都不太行，价格也不得不下跌。,0
6601,这一柑橘价格跌至两块多，首次遭遇滑铁卢，消费者却有福了,2021/1/17 09:13,老谭说农业,可是今年出口到国外难了，国内市场又有各种柑橘品种进行竞争，沃柑又没有价格优势，无奈之下也只能够自降身价开始销售了。,0
6603,这一柑橘价格跌至两块多，首次遭遇滑铁卢，消费者却有福了,2021/1/17 09:13,老谭说农业,沃柑已经兴起好多年了，以前从来没有出现过那么低的价格，再低都能够卖三块多一斤，今年是沃柑首次遭遇滑铁卢，果农一时都难以接受。,0
6606,这一柑橘价格跌至两块多，首次遭遇滑铁卢，消费者却有福了,2021/1/17 09:13,老谭说农业,沃柑价格回落，消费者有福了说实话沃柑在今年以前都是高端水果，普通人还真的吃不起。,0
7884,价格力压沃柑一筹，算是柑橘里较贵的品种，零售价高达10元一斤,2021/2/10 19:35,老刘微农技,力压沃柑砂糖橘，零售价高达10元一斤要说哪一种柑橘现在最受欢迎，可能大家会说砂糖橘以及脐橙，毕竟这两种柑橘种植面积可是稳居前三，砂糖橘就因为产量暴增价格大跌，已经好几年都起不来。,0
7890,价格力压沃柑一筹，算是柑橘里较贵的品种，零售价高达10元一斤,2021/2/10 19:35,老刘微农技,但是今年沃柑突然就不行了，收购价跌到两三块左右，跟砂糖橘差不多了。,0
7899,价格力压沃柑一筹，算是柑橘里较贵的品种，零售价高达10元一斤,2021/2/10 19:35,老刘微农技,今年柑橘行情都不太好，势必还是会影响到的，见好就收最好，别到时候价格又下来了，那一亩耙耙柑又要少赚几千块钱了。,0
8014,【柑橘行情】沙糖桔变成“杀人桔”今年沙糖桔能不能好好地过年了,2021/1/4 18:21,村宝网,在国产水果不断涨价的今天，沙糖桔却不断的价格下滑，这现象形成了一个说法：“致富桔成为了杀人桔”。,0
8017,【柑橘行情】沙糖桔变成“杀人桔”今年沙糖桔能不能好好地过年了,2021/1/4 18:21,村宝网,其一：经过前几年种植沙糖桔的农民赚到钱后，很多人涌入沙糖桔种植行业，这不仅使得沙糖桔的产量在几年之内大幅上涨，产能过剩，还破坏了沙糖桔的品质，吃过正宗沙糖桔的人再吃现在的沙糖桔会感觉“味变了”，“味不对了”，品质下降，自然也就没人买账了。,0
8021,【柑橘行情】沙糖桔变成“杀人桔”今年沙糖桔能不能好好地过年了,2021/1/4 18:21,村宝网,个人观点：虽然目前的沙糖桔价格远不如从前，但并不是意味着果农们就要放弃种植沙糖桔，沙糖桔能在水果行业多年屹立不倒，说明沙糖桔很有潜力，果农朋友其实只要抓住市场问题的关键，做出适当的调整，相信行情趋势都会改善的。,0
8023,【柑橘行情】即“杀人桔”之后，沃柑难道它也跟随沙糖桔一样滞销了？,2021/3/8 20:00,村宝网,今年整体的柑橘市场都不太好，沙糖桔还和前两年一样，产量太大且集中上市，品质不齐，上市后就迅速跌价，如今仍然是低价，果农很发愁。,0
8132,【柑橘行情】节后沃柑走货上涨，果农少观望及早出手,2021/4/6 20:00,村宝网,就像砂糖橘销售的时候，一些偏远地区的砂糖橘不好卖，价格会低几毛一斤一样。,0
8186,【柑橘行情】沃柑销量惨淡，有价无市，从长远来看是好是坏？,2021/3/10 20:00,村宝网,我们来到本地果园采摘装车现场，但现场看上去却比较冷清，这是由于市场销量减少，往年高价收购的沃柑大都是出售海外，但今年海外由于疫情影响，出口减少，精品果自然卖不动，价格也上不去。,0
8188,【柑橘行情】沃柑销量惨淡，有价无市，从长远来看是好是坏？,2021/3/10 20:00,村宝网,去年沃柑价格很高，而今年普通沃柑的收购价维持在两三块左右，这样的价格比起以前是跌了不少了。,0
8231,今年沃柑价格大跌，它还能撑起广西柑橘业，带领种植户致富吗？,2021/1/23 19:57,GXSNZX,今年沃柑普通下跌了一块多一斤，说是大跌也不为过。,0
8232,今年沃柑价格大跌，它还能撑起广西柑橘业，带领种植户致富吗？,2021/1/23 19:57,GXSNZX,一些中小果跌幅更加大，价格基本上腰斩了，也就是精品果的价格还坚挺，能够达到三块左右。,0
8233,今年沃柑价格大跌，它还能撑起广西柑橘业，带领种植户致富吗？,2021/1/23 19:57,GXSNZX,但是比起以前的四五块一斤，也是跌了不少了。,0
8396,各地柑橘行情大跳水，出路在何方？,2021/5/12 17:58,柑露果服,③冰糖橙开市时候2.5元/斤以上，后跌到1.2~1.5元/斤，而且销售量有限。,0
8398,各地柑橘行情大跳水，出路在何方？,2021/5/12 17:58,柑露果服,②椪柑，衢州是浙江最大的椪柑产区，曾经引以为傲的椪柑，如今价格跌至每斤0.4～0.6元/斤。,0
8400,各地柑橘行情大跳水，出路在何方？,2021/5/12 17:58,柑露果服,02各地柑橘价格下跌原因（1）供大于求。,0
8404,各地柑橘行情大跳水，出路在何方？,2021/5/12 17:58,柑露果服,（3）疫情影响，冻伤果影响，整体经济滑坡影响，也导致市场走量慢，价格偏低。,0
8414,各地柑橘行情大跳水，出路在何方？,2021/5/12 17:58,柑露果服,冻害果园04柑橘发展存在的隐患及应对措施（1）涨价不可持续，跌价才不可避免，明年/后年形势特别严峻因黄化、霜冻、阴雨等因素导致很多柑橘果园产量减少，但实际上总产量并未减太多。,0
8552,4月16日柑橘行情分享 | 沃柑上市尾期，价格怎样？,2021/4/16 17:36,柑露果服,其他柑橘品种价格：1、四川丑柑、粑粑柑上市尾期，还剩下少量货源，今年受冻害的影响，这两个品种的价格低迷，近期价格也有所下滑。,0
8833,3月19日柑橘行情 | “沃柑泡药”事件是否对行情造成影响，沃柑价格怎样？,2021/3/19 16:10,柑露果服,南宁周边的好果价格也从3.3元/斤下滑至3元/斤左右，其他产区的好果价格也从2.7~3元/斤下滑至2.3~2.6元/斤了，每斤沃柑价格下滑0.2~0.5元/斤不等。,0
9047,2月4日柑橘行情分享：砂糖橘继续涨价，赶快卖果啦~,2021/2/4 17:13,柑露果服,此外，有种植户表示，最近不少砂糖橘出现了枯水、浮皮的情况，预计口感好、外观佳的砂糖橘在春节前还将小涨一点，但品质一般的行情走向一般。,1
9239,2021年1月9日全国柑橘产地批发市场价格行情汇总,2021/1/9 23:21,乡村小康,柑橘批发市场价格情况：（单位元/公斤）砂糖橘：（单位元/公斤）脐橙：（单位元/公斤）脐橙价格有所回升。,1
9257,未来三年柑橘市场行情预测：市场变局下，有哪些预测和判断？,2021/6/24 23:28,柑桔之家,但如果电商的日子不好过，柑橘价格一定会下落。,0
9446,价格低迷，存量博弈加剧，2021柑橘产业出路在哪？,2021/8/25 18:16,农资与市场官微,特别是今年，前期柑橘价格低迷，农户种植信心不足，再加上农资价格大幅增长，形成倒挂现象，今年柑橘行情不容乐观。,0
9465,价格低迷，存量博弈加剧，2021柑橘产业出路在哪？,2021/8/25 18:16,农资与市场官微,特别砂糖橘，今年春节前后的价格下跌创历史新高，一斤跌到1元/斤，基本没有什么收益，甚至是赔钱。,0
9466,价格低迷，存量博弈加剧，2021柑橘产业出路在哪？,2021/8/25 18:16,农资与市场官微,拿比较火的沃柑来讲，虽然给广大种植户带来惊喜，但是由于2015年之后井喷式增长，沃柑价格一路走低。,0
9567,一边是大葱价格飞涨，一边是万斤柑橘烂地里，其中原因令人唏嘘,2021/1/29 14:17,柏铭科技,比如，砂糖橘以前卖得火，见到有利可图的农民盲目种植，扩大生产规模，结果导致现在泛滥，砂糖橘价格一路下跌。,0
9568,一边是大葱价格飞涨，一边是万斤柑橘烂地里，其中原因令人唏嘘,2021/1/29 14:17,柏铭科技,因为地头收购价过低，有的果农就把几万斤砂糖橘扔在路边，宁愿让其烂掉，也不愿赔本卖货。,0
9570,一边是大葱价格飞涨，一边是万斤柑橘烂地里，其中原因令人唏嘘,2021/1/29 14:17,柏铭科技,在砂糖橘成为“坑人橘”的同时，近1-2个月的大葱价格暴涨，涨幅甚至好几倍，气势“葱”天，让消费者大呼吃不起。,1
9571,一边是大葱价格飞涨，一边是万斤柑橘烂地里，其中原因令人唏嘘,2021/1/29 14:17,柏铭科技,大葱之所以价格猛涨，一句话总结就是供不应求，一方面是因为受天气因素影响，大葱减产，另一方面是大葱种植面积比以往减少。,1
10133,中柑所彭良志老师：柑橘行情肯定会迎来低谷，但持续时间有限！熬过低价期，价格就会上升！,2021/3/18 19:43,柑橘记事,总量上柑橘产能已经供过于求，未来5年，如果没有大灾害，柑橘整体价格会持续下降。,0
10311,市场行情丨水果步入季节性供给高峰，后期柑橘类价格恐将继续下滑,2021/8/2 17:00,中国果品流通协会,据“光明网”报道，秭归县夏橙目前有密奈、奥林达、德尔塔等多个品种，受连续阴雨天气影响，秭归产区夏橙鲜果上市减缓，截至7月22日，秭归县夏橙已售2.08万吨，占本季夏橙总量的43.56%，各监测点秭归夏橙产地收购均价3.48元/公斤，收购总量环比延续下跌趋势，跌幅10.63%。,0
10312,市场行情丨水果步入季节性供给高峰，后期柑橘类价格恐将继续下滑,2021/8/2 17:00,中国果品流通协会,电商零售方面，各监测点秭归夏橙电商销售均价为8.49元/公斤，渠道销量环比下跌26.77%。,0
10313,市场行情丨水果步入季节性供给高峰，后期柑橘类价格恐将继续下滑,2021/8/2 17:00,中国果品流通协会,报道称，当前北方时令鲜果和南方热带水果均进入上市高峰，推动水果批发价格整体下跌，柑橘类单品价格也进入季节性下滑通道。,0
10314,市场行情丨水果步入季节性供给高峰，后期柑橘类价格恐将继续下滑,2021/8/2 17:00,中国果品流通协会,叠加本期国内重点批发市场脐橙监测的品种转换为夏橙，售价总体低于伦晚脐橙。,0
10315,市场行情丨水果步入季节性供给高峰，后期柑橘类价格恐将继续下滑,2021/8/2 17:00,中国果品流通协会,多重因素影响下，销地批发环节脐橙销售价格下行。,0
10316,市场行情丨水果步入季节性供给高峰，后期柑橘类价格恐将继续下滑,2021/8/2 17:00,中国果品流通协会,截至7月26日，新华（中国）脐橙销地批发价格指数报716.91点，环比下跌11.23%，同比下跌22.93%。,0
12308,柑橘行情 | 最新沃柑、砂糖橘价格分享！,2021/2/23 21:20,老刘微农技,近期，各产区砂糖橘价格有所下滑，桂林阳朔、荔浦、永福、河池等地好果价格成交价在2.5元~2.8/斤上下，统果2.2元/斤左右，走货量一般。,0
12475,​2021年柑橘的价格走势会如何？看完心里有数了！,2021/8/13 20:23,柑桔之家,近几年随着柑橘果品价格的走高，亩产值10万元、100元/斤果的传奇的出现，引发各地开启疯狂发展模式，各领域资本进入，颇有全民种橘的味道，同时质疑、责问、警防过剩过滥的呼声不绝于耳。,1
12477,​2021年柑橘的价格走势会如何？看完心里有数了！,2021/8/13 20:23,柑桔之家,2017年，秋季南方多处柑橘主产区遭受了长时间降雨危害，南丰蜜橘、普通温州蜜橘烂在树上无人采收，亚洲最早熟蜜橘基地云南华宁县，均价从往年的4-5元/斤，跌到1元多，广西砂糖橘收购价从往年5元上下到1块多，惜售的只有倒掉，砂糖橘变“杀人橘”，很多业主逃离此行业。,0
12478,​2021年柑橘的价格走势会如何？看完心里有数了！,2021/8/13 20:23,柑桔之家,"今年，受百年难遇的疫情影响，各地柑橘相继出现滞销情况，部分果农资金回笼困难，销售价格过低导致果农出现不同程度的负债，甚至有些果农还会因为连续三年低价而导致资金链断裂,这无疑会使后续的投资与管理发生很多困难。",0
12487,​2021年柑橘的价格走势会如何？看完心里有数了！,2021/8/13 20:23,柑桔之家,由于物流问题，北欧市场上的橙子价格正在上涨。,1
14545,中柑所彭良志老师：柑橘行情肯定会迎来低谷，但持续时间有限！熬过低价期，价格就会上升！,2021/3/19 22:43,柑橘之家技术产业联盟,总量上柑橘产能已经供过于求，未来5年，如果没有大灾害，柑橘整体价格会持续下降。,0
14587,2月初柑橘行情速览：砂糖橘好果普遍涨到2元，沃柑价格保持稳定！,2021/2/2 17:32,作物大王新农盟,各地砂糖橘价格价格波动大，当日价格仅供参考沃柑行情变动不大，由于多地沃柑出现冻伤情况，预计接下来沃柑行情将有小幅度上涨。,1